username,email
agreen,agreen@example.com
bsmith,bsmith@example.com
cjones,cjones@example.com
dwilliams,dwilliams@example.com
ebrown,ebrown@example.com
fdavis,fdavis@example.com
gmiller,gmiller@example.com
hwilson,hwilson@example.com
imoore,imoore@example.com
jtaylor,jtaylor@example.com
kanderson,kanderson@example.com
lthomas,lthomas@example.com
mjackson,mjackson@example.com
nwhite,nwhite@example.com
oharris,oharris@example.com
pmartin,pmartin@example.com
qthompson,qthompson@example.com
rgarcia,rgarcia@example.com
smartinez,smartinez@example.com
trobinson,trobinson@example.com